Name,Email,Phone,Age,Address
Bradley Garcia,micheal62@example.org,582.140.8349x626,82,"24991 Lisa Village Suite 351, Mistyville, OH 86926"
Anna Benson,xsmith@example.org,632-620-5845,22,"2311 Moore Springs, Clarkton, VT 54770"
Sarah Young,paul43@example.org,001-606-423-2604,46,"36467 Andrew Mission, Meyerberg, WA 97738"
Dr. Darryl Hernandez Jr.,laurenbraun@example.org,504-632-8037,55,"86192 Angela Shores, South Patriciatown, FM 22619"
Tracy Adkins,yolandacurry@example.net,163-519-8659x0193,68,"Unit 1128 Box 5893, DPO AE 25107"
Haley Blackburn,scottpugh@example.net,001-882-171-6773x70639,45,"1306 Justin Center Apt. 535, Port Jacob, MO 26194"
Andrea Austin,charles86@example.com,219-473-0144x759,54,"49730 Smith Streets Suite 544, Ronaldfurt, SC 86883"
Robin Santana,mary70@example.com,731-984-8180,82,"2051 Laura Camp, Colefort, OH 39910"
Kimberly Hoffman,bedwards@example.com,+1-198-907-0684x556,41,"31248 Raymond Parkways Suite 669, Henryburgh, RI 83847"
George Payne,anne71@example.org,360-698-0646x52818,88,"8490 Graham Glen, Port Carlport, OK 59150"
Amanda Boyd,lowesteven@example.com,438-881-8147x13520,26,"150 Ortiz Cove, East Christianhaven, WY 65561"
Ashley Thomas,thill@example.net,2088966853,55,"448 John Dale, Port Deborahchester, AR 89877"
Carol Watkins,catherinemitchell@example.net,942-948-1360x5727,75,"6259 Angela Station Suite 542, Port Robert, AR 68926"
Melanie Hall,owallace@example.org,0467476131,63,"96904 Angel Brook Apt. 741, West James, VT 89900"
Pamela Shepherd,hickscolleen@example.net,001-471-416-5170x3140,89,"110 Dylan Cove, West Katiestad, PR 93320"
Heather Benitez,edwardsana@example.com,+1-203-921-2544,40,"9991 Austin Brooks Apt. 047, Port Breannafort, ND 60744"
Andrew Greene,glenngreen@example.org,841.025.3501,59,"Unit 0766 Box 6652, DPO AA 78624"
Melanie Baker,paulachavez@example.com,6122130120,85,"8200 Erica Summit Suite 702, Ramosside, NV 22147"
Jason Martin,morenojoseph@example.org,(263)318-0905x357,67,"4968 James Avenue, Sanchezstad, TN 00885"
Martin Holder,carolynjones@example.com,722.968.7953x924,40,"673 Brandon Islands, Welchburgh, GU 84273"
Stephanie Chavez DVM,zachary41@example.org,001-744-181-1691x716,60,"096 Donna Highway, East Alexander, PR 41528"
Alyssa Cooper,nhill@example.com,+1-814-675-2965x125,97,"6001 Erickson Mount, Codyport, GU 85677"
Dustin Ross,clarkholly@example.com,(971)139-1989x9840,94,"7532 Robin Plaza, Barrerafort, NH 60847"
Daniel Wilson,evancoleman@example.net,+1-244-380-1460,62,"402 George Hollow Apt. 621, West Cynthia, FM 98214"
Tony Avila,sergio86@example.com,447-859-1349x35982,97,"260 Elizabeth Square, Vegaside, CA 33511"
Christine Valenzuela,rileyashley@example.net,(840)498-3882x66230,27,"26573 Rhodes Via Suite 815, Sotoville, AR 35749"
Hannah Lee,baileymoreno@example.net,+1-117-635-5012x391,74,"67322 Daniel Lake, North Jessicamouth, IN 23869"
Brianna Wright,bakermary@example.org,(562)920-1179x487,96,"721 Rose Rapids, West Andremouth, PA 90230"
Nancy Baker,xmccormick@example.org,686.809.5484,55,"179 Stevens Plaza, Copelandmouth, NM 69449"
Lauren Hart,wyoung@example.net,235.821.4602x569,77,"993 Benjamin Forges, New Jenniferland, WY 68752"
Kathy Gonzalez,matthew52@example.org,+1-155-616-1480x5957,23,"74526 Ford Pine, South Anthonyton, IA 95308"
Paul Li,caseylove@example.com,+1-889-965-7227x009,57,"Unit 4896 Box 5674, DPO AP 22965"
Robert Martin,craig53@example.com,(392)912-9474,22,"USCGC Henry, FPO AE 35930"
Angela Butler,lindataylor@example.com,125.417.4329x221,21,"977 Nancy Pines, Butlerhaven, VI 30296"
James Williams,dianagrant@example.net,545-180-7740x28185,97,"6949 Curtis Motorway Apt. 547, Aaronchester, IL 90427"
Shane Combs,april76@example.com,+1-807-134-6281x5890,34,"1642 Joseph Ranch, South Jamiemouth, NH 85242"
Nancy Nash,brittany26@example.net,737.779.2957,79,"224 Joshua Plains Apt. 939, Lake Jeremybury, WY 51186"
Mary Barrett,coopertravis@example.net,831-431-1168x407,46,"207 Berry Tunnel, West Nicole, ID 52254"
Bryce Mills,hintonkyle@example.net,(774)012-0370x7414,59,"USCGC James, FPO AA 87770"
Rebecca Moreno,justin48@example.org,5822139419,31,"89496 Adam Drive Suite 971, Ramirezfort, WI 99219"
Richard Campbell,grant65@example.org,062-142-2172x558,98,"674 Ross Stravenue Suite 523, Port John, DC 04796"
Maria Bennett,cowens@example.com,001-561-382-5499,63,"183 Holly Lights Suite 576, Sharonchester, GA 39901"
Jeremy Cox,julie68@example.com,082.005.9630x97127,21,"94702 Danielle Park, New Meganhaven, KY 06805"
Susan Carpenter,nreynolds@example.org,276-853-0640x80421,40,"4347 Patel Underpass Apt. 097, Robertsborough, AZ 22207"
Paul Moreno,garyhatfield@example.org,001-216-049-1781x972,36,"56239 Michael Wall, Martinezmouth, ID 65539"
Michael Smith,vickie50@example.org,875-484-7850,72,"51894 Duran Ridges, New Heather, OR 79937"
Dana Williams,stevecox@example.org,2292788046,35,"Unit 9879 Box 7704, DPO AE 92024"
Peter Avila,allison59@example.com,(140)428-3084x1719,84,"55629 Zuniga Spring Suite 611, South Timothyville, SD 54010"
Kevin Jones,lindaking@example.org,(230)362-1759x913,59,"PSC 9666, Box 3011, APO AE 95251"
Melissa Hoffman,davidandrews@example.org,315.236.9502x9315,72,"3842 Richard Curve Apt. 235, West Marystad, NJ 59957"
Daniel Howell,maciaskayla@example.org,232-605-7996x96132,32,"81526 Yolanda Plains Suite 509, Petersonside, RI 05650"
Carrie Powell,barnesmichael@example.net,+1-046-561-6856x254,68,"535 Howell Island, Port Jason, WY 04744"
Richard Sullivan,hopkinspamela@example.org,313-050-9622x553,36,"11748 Hebert Divide Apt. 985, Port Kristinport, CO 33666"
Shane Mcknight,williamwoodard@example.com,(220)058-0023,81,"19118 Michelle Bypass, Jefferyview, OH 24730"
Sarah Burke,vgray@example.com,(137)577-8377x3688,52,"21120 Williams View Suite 054, Odonnellhaven, MI 74159"
Monica Rodriguez,kingkristen@example.net,(725)121-4757x90759,29,"420 Bell Street Apt. 354, East Sonia, PA 68237"
Heather Allen,andersonmatthew@example.org,9596143938,94,"727 Friedman View, North Brandon, NY 02845"
Stacey Cobb,amysmith@example.net,+1-091-342-7103x682,28,"56803 Little Isle, Johnsonfurt, WA 20498"
Amber Gallagher,jose04@example.com,001-936-916-0545x7589,38,"94566 Miranda Bypass Suite 731, Davisview, MI 55700"
Sandra Nelson,howardjessica@example.com,(651)424-2410,95,"42983 King Summit Apt. 704, East Darrell, VA 56867"
John Best,jimenezhunter@example.net,+1-096-281-2216,79,"3068 Tonya Mission Apt. 775, Gonzalesmouth, WA 94941"
Tamara Delacruz,hallseth@example.com,+1-133-342-4838x3073,31,"781 Garcia Streets, South Jakemouth, WA 76469"
Barry Huang,jamie69@example.org,001-761-473-2395,31,"556 Jonathan Estates Suite 515, Lake Gina, WV 95455"
William Vazquez,mariohernandez@example.com,484.289.6306x552,41,"905 Strickland Motorway, South Michael, KS 56586"
Daniel Rivera,ann79@example.net,484-691-4424x752,73,"41360 Brian Prairie, New Michaelfort, IL 89338"
Zachary Wade,yholmes@example.com,313-601-0387,69,"86907 Jones Forges Apt. 320, East Patrickfurt, DC 39124"
Kevin Rodriguez,xgonzalez@example.com,617.728.5428,49,"1872 Koch Rest Suite 836, Wilkinsonmouth, OR 25498"
Benjamin Fernandez,julian71@example.com,(114)276-8095x254,52,"Unit 4125 Box 5487, DPO AP 73166"
Matthew Perez,blakegarcia@example.net,+1-635-560-8954,38,"33100 Walsh Vista, West Emily, WI 68496"
Diamond Larson,vhartman@example.com,387-639-6387,28,"17134 Castro Spurs, Christopherton, PW 02465"
Allison Espinoza,gloriapreston@example.com,(939)026-0864x99714,74,"USNV Pacheco, FPO AE 06951"
Jamie Gilbert,austinblankenship@example.org,864.542.4558x11704,97,"88550 English Points, Port Madisonhaven, CA 01506"
Kevin Gonzalez,duranmiguel@example.net,001-551-747-6643,70,"0885 Taylor Knoll, East Damon, GU 97457"
Cristina Singleton,jimmywhite@example.net,4982050771,51,"1981 Kelly Unions, East Gregory, WV 17891"
Mr. Christopher Osborne,sean27@example.org,560-276-0828x98656,49,"7316 Martinez Circle, Jacobchester, MD 79210"
Mark Pham,brittanymartinez@example.com,(776)274-6421,77,"2843 Steven Cliffs Suite 490, Nicholshaven, AZ 13671"
Tammy Miles,natalie14@example.net,733.712.5320x1512,41,"741 Walker Port, Courtneyfurt, IA 52646"
Dr. Andrew Huerta,novakmichelle@example.org,979-475-6857,84,"USNV Alvarez, FPO AA 69850"
Sarah Torres,ejohnson@example.com,3981928352,37,"052 Autumn Manors Suite 309, North David, KY 81196"
Gabriel Hoffman,josephholmes@example.net,+1-714-734-8856,30,"0386 Ellison Expressway, East Gabriela, NE 28606"
Thomas Lam,austincrystal@example.net,799.957.9006x22414,74,"PSC 3954, Box 7832, APO AP 73380"
Alex Foster,elizabeth17@example.net,(773)648-5617,20,"85138 Raymond Expressway, East Lanceville, MP 90693"
Wesley Dominguez,tracy77@example.org,(169)703-3400x2509,41,"18022 Stephen Oval Apt. 006, West Amandashire, PA 65169"
Scott Delgado,jbell@example.com,522.720.5581x73762,82,"871 Snyder Forge Apt. 398, Port Hannah, KS 25234"
Daniel Chan,stephensondeborah@example.net,+1-699-662-0122x61414,36,"14004 Sarah Circle, Lake Leslie, DC 36019"
Amanda Schaefer,robert95@example.net,001-154-965-9434x2423,36,"Unit 8057 Box 7966, DPO AE 31041"
Patricia Frazier,dukemichael@example.com,217.691.9286x92666,28,"082 Jason Ferry Apt. 923, Jeffreyhaven, UT 99814"
Angela Fox,angelamartin@example.org,(519)516-4023x6488,43,"7778 Burnett Village Suite 704, West Troy, MS 81155"
Jeremy Decker,robert19@example.net,936.384.7810,41,"74987 Howard Freeway, Hamiltonmouth, NE 60662"
Donald Lawrence,jessicageorge@example.com,001-192-311-4202x494,45,"63991 Craig Street, Lake John, KS 31811"
Natalie Cook,nicole03@example.org,(688)859-8920x130,48,"USNS Petersen, FPO AE 54387"
Colleen King,elopez@example.net,001-854-413-9634x009,56,"165 Butler River Suite 244, New Mirandaport, CA 25196"
Bobby Shaffer,mccannconnie@example.com,001-974-993-5285,50,"04871 Rollins Trace, East Rachelville, PA 86799"
Peter Evans,vickie05@example.org,+1-437-364-6683x187,82,"676 Jones Estate, New Steven, FL 68507"
Tiffany Simpson,fthomas@example.net,001-087-824-1530x237,34,"97850 Allison Plain Apt. 615, Amandafurt, IA 90225"
Dylan Pitts,qhanson@example.org,139.113.0386,71,"243 Shawn Inlet, Rebeccatown, NH 93822"
Olivia Martin,lisanelson@example.org,+1-143-917-1537x32002,64,"93306 Heather Crossing Apt. 610, Vegafort, CA 86583"
Tyler Williams,eholder@example.com,159-889-9550,40,"388 Edward Bridge, Owensfurt, MN 47180"
James Esparza,jacobsanders@example.com,001-872-670-6220,73,"56727 Cobb Radial Apt. 171, South Joshuaville, FM 90117"
Kimberly Garcia,jacquelinechapman@example.com,001-052-185-7942x43193,86,"PSC 8461, Box 3631, APO AP 79361"
